-- phpMyAdmin SQL Dump
-- version 4.8.4
-- https://www.phpmyadmin.net/
--
-- Host: 127.0.0.1
-- Generation Time: Jul 22, 2019 at 05:04 PM
-- Server version: 10.1.37-MariaDB
-- PHP Version: 7.3.0

SET SQL_MODE = "NO_AUTO_VALUE_ON_ZERO";
SET AUTOCOMMIT = 0;
START TRANSACTION;
SET time_zone = "+00:00";


/*!40101 SET @OLD_CHARACTER_SET_CLIENT=@@CHARACTER_SET_CLIENT */;
/*!40101 SET @OLD_CHARACTER_SET_RESULTS=@@CHARACTER_SET_RESULTS */;
/*!40101 SET @OLD_COLLATION_CONNECTION=@@COLLATION_CONNECTION */;
/*!40101 SET NAMES utf8mb4 */;

--
-- Database: `elections`
--

-- --------------------------------------------------------

--
-- Table structure for table `candidates`
--
DROP DATABASE IF EXISTS elections;

CREATE TABLE `candidates` (
  `candidateName` varchar(30) NOT NULL,
  `party` varchar(30) NOT NULL
) ENGINE=InnoDB DEFAULT CHARSET=latin1;

--
-- Dumping data for table `candidates`
--

INSERT INTO `candidates` (`candidateName`, `party`) VALUES
('Al Gore', 'Democratic'),
('Barack Obama', 'Democratic'),
('Bill Clinton', 'Democratic'),
('Bob Dole', 'Republican'),
('Donald Trump', 'Republican'),
('George Bush', 'Republican'),
('George W. Bush', 'Republican'),
('Hillary Clinton', 'Democratic'),
('John Kerry', 'Democratic'),
('John McCain', 'Republican'),
('Mitt Romney', 'Republican'),
('Ross Perot', 'Independent');

-- --------------------------------------------------------

--
-- Table structure for table `presidentialelections`
--

CREATE TABLE `presidentialelections` (
  `electionYear` int(4) NOT NULL,
  `state` varchar(30) NOT NULL,
  `electoralVotes` int(11) DEFAULT NULL,
  `totalPopVotesCast` int(11) DEFAULT NULL
) ENGINE=InnoDB DEFAULT CHARSET=latin1;

--
-- Dumping data for table `presidentialelections`
--

INSERT INTO `presidentialelections` (`electionYear`, `state`, `electoralVotes`, `totalPopVotesCast`) VALUES
(1992, 'AK', 3, 258506),
(1992, 'AL', 9, 1688060),
(1992, 'AR', 6, 950653),
(1992, 'AZ', 8, 1486975),
(1992, 'CA', 54, 11131721),
(1992, 'CO', 8, 1569180),
(1992, 'CT', 8, 1616332),
(1992, 'DC', 3, 227572),
(1992, 'DE', 3, 289735),
(1992, 'FL', 25, 5314492),
(1992, 'GA', 13, 2321125),
(1992, 'HI', 4, 372842),
(1992, 'IA', 7, 1354607),
(1992, 'ID', 4, 482142),
(1992, 'IL', 22, 5050157),
(1992, 'IN', 12, 2305871),
(1992, 'KS', 6, 1157236),
(1992, 'KY', 8, 1492900),
(1992, 'LA', 9, 1790017),
(1992, 'MA', 12, 2773574),
(1992, 'MD', 10, 1985046),
(1992, 'ME', 4, 679499),
(1992, 'MI', 18, 4274673),
(1992, 'MN', 10, 2347947),
(1992, 'MO', 11, 2391565),
(1992, 'MS', 7, 981793),
(1992, 'MT', 3, 410611),
(1992, 'NC', 14, 2611850),
(1992, 'ND', 3, 308133),
(1992, 'NE', 5, 739283),
(1992, 'NH', 4, 537945),
(1992, 'NJ', 15, 3343594),
(1992, 'NM', 5, 569986),
(1992, 'NV', 4, 506318),
(1992, 'NY', 33, 6926933),
(1992, 'OH', 21, 4939964),
(1992, 'OK', 8, 1390359),
(1992, 'OR', 7, 1462643),
(1992, 'PA', 23, 4959810),
(1992, 'RI', 4, 453478),
(1992, 'SC', 8, 1202527),
(1992, 'SD', 3, 336254),
(1992, 'TN', 11, 1982638),
(1992, 'TX', 32, 6154018),
(1992, 'UT', 5, 743999),
(1992, 'VA', 13, 2558665),
(1992, 'VT', 3, 289701),
(1992, 'WA', 11, 2288228),
(1992, 'WI', 11, 2531114),
(1992, 'WV', 5, 683711),
(1992, 'WY', 11, 200587),
(1996, 'AK', 3, 241620),
(1996, 'AL', 9, 1534349),
(1996, 'AR', 6, 884262),
(1996, 'AZ', 8, 1404405),
(1996, 'CA', 54, 10019484),
(1996, 'CO', 8, 1510704),
(1996, 'CT', 8, 1392614),
(1996, 'DC', 3, 185726),
(1996, 'DE', 3, 270845),
(1996, 'FL', 25, 5303794),
(1996, 'GA', 13, 2299071),
(1996, 'HI', 4, 360120),
(1996, 'IA', 7, 1234075),
(1996, 'ID', 4, 491719),
(1996, 'IL', 22, 4311391),
(1996, 'IN', 12, 2135842),
(1996, 'KS', 6, 1074300),
(1996, 'KY', 8, 1388708),
(1996, 'LA', 9, 1783959),
(1996, 'MA', 12, 2556786),
(1996, 'MD', 10, 1780870),
(1996, 'ME', 4, 605897),
(1996, 'MI', 18, 3848844),
(1996, 'MN', 10, 2192640),
(1996, 'MO', 11, 2158065),
(1996, 'MS', 7, 893857),
(1996, 'MT', 3, 407261),
(1996, 'NC', 14, 2515807),
(1996, 'ND', 3, 266411),
(1996, 'NE', 5, 677415),
(1996, 'NH', 4, 499175),
(1996, 'NJ', 15, 3075807),
(1996, 'NM', 5, 556074),
(1996, 'NV', 4, 464279),
(1996, 'NY', 33, 6316129),
(1996, 'OH', 21, 4534434),
(1996, 'OK', 8, 1206713),
(1996, 'OR', 7, 1377760),
(1996, 'PA', 23, 4506118),
(1996, 'RI', 4, 390284),
(1996, 'SC', 8, 1151689),
(1996, 'SD', 3, 323826),
(1996, 'TN', 11, 1894105),
(1996, 'TX', 32, 5611644),
(1996, 'UT', 5, 665629),
(1996, 'VA', 13, 2416642),
(1996, 'VT', 3, 258449),
(1996, 'WA', 11, 2253837),
(1996, 'WI', 11, 2196169),
(1996, 'WV', 5, 636459),
(1996, 'WY', 3, 211571),
(2000, 'AK', 3, 285560),
(2000, 'AL', 9, 1666272),
(2000, 'AR', 6, 921781),
(2000, 'AZ', 8, 1532016),
(2000, 'CA', 54, 10965856),
(2000, 'CO', 8, 1741368),
(2000, 'CT', 8, 1459525),
(2000, 'DC', 2, 201894),
(2000, 'DE', 3, 327622),
(2000, 'FL', 25, 5963110),
(2000, 'GA', 13, 2596804),
(2000, 'HI', 4, 367951),
(2000, 'IA', 7, 1315563),
(2000, 'ID', 4, 501621),
(2000, 'IL', 22, 4742123),
(2000, 'IN', 12, 2199302),
(2000, 'KS', 6, 1072218),
(2000, 'KY', 8, 1544187),
(2000, 'LA', 9, 1765656),
(2000, 'MA', 12, 2702984),
(2000, 'MD', 10, 2025480),
(2000, 'ME', 4, 651817),
(2000, 'MECD1', 1, 348951),
(2000, 'MECD2', 1, 302866),
(2000, 'MI', 18, 4232501),
(2000, 'MN', 10, 2438685),
(2000, 'MO', 11, 2359892),
(2000, 'MS', 7, 994184),
(2000, 'MT', 3, 410997),
(2000, 'NC', 14, 2911262),
(2000, 'ND', 3, 288256),
(2000, 'NE', 5, 697019),
(2000, 'NECD1', 1, 242023),
(2000, 'NECD2', 1, 231012),
(2000, 'NECD3', 1, 223984),
(2000, 'NH', 4, 569081),
(2000, 'NJ', 15, 3187226),
(2000, 'NM', 5, 598605),
(2000, 'NV', 4, 608970),
(2000, 'NY', 33, 6821999),
(2000, 'OH', 21, 4705457),
(2000, 'OK', 8, 1234229),
(2000, 'OR', 7, 1533968),
(2000, 'PA', 23, 4913119),
(2000, 'RI', 4, 409112),
(2000, 'SC', 8, 1382717),
(2000, 'SD', 3, 316269),
(2000, 'TN', 11, 2076181),
(2000, 'TX', 32, 6407637),
(2000, 'UT', 5, 770754),
(2000, 'VA', 13, 2739447),
(2000, 'VT', 3, 294308),
(2000, 'WA', 11, 2487433),
(2000, 'WI', 11, 2598607),
(2000, 'WV', 5, 648124),
(2000, 'WY', 3, 211571),
(2004, 'AK', 3, 312598),
(2004, 'AL', 9, 1883449),
(2004, 'AR', 6, 1054945),
(2004, 'AZ', 10, 2012585),
(2004, 'CA', 55, 12421852),
(2004, 'CO', 9, 2130330),
(2004, 'CT', 7, 1578769),
(2004, 'DC', 3, 227586),
(2004, 'DE', 3, 375190),
(2004, 'FL', 27, 7609810),
(2004, 'GA', 15, 3301875),
(2004, 'HI', 4, 429013),
(2004, 'IA', 7, 1506908),
(2004, 'ID', 4, 598447),
(2004, 'IL', 21, 5274322),
(2004, 'IN', 11, 2468002),
(2004, 'KS', 6, 1187756),
(2004, 'KY', 8, 1795882),
(2004, 'LA', 9, 1943106),
(2004, 'MA', 12, 2912388),
(2004, 'MD', 10, 2386678),
(2004, 'ME', 4, 740752),
(2004, 'MECD1', 1, 384392),
(2004, 'MECD2', 1, 356356),
(2004, 'MI', 17, 4839252),
(2004, 'MN', 9, 2828387),
(2004, 'MO', 11, 2731364),
(2004, 'MS', 6, 1152145),
(2004, 'MT', 3, 450445),
(2004, 'NC', 15, 3501007),
(2004, 'ND', 3, 312833),
(2004, 'NE', 5, 778186),
(2004, 'NECD1', 1, 269771),
(2004, 'NECD2', 1, 254032),
(2004, 'NECD3', 1, 253452),
(2004, 'NH', 4, 677738),
(2004, 'NJ', 15, 3611691),
(2004, 'NM', 5, 756304),
(2004, 'NV', 5, 829587),
(2004, 'NY', 31, 7391036),
(2004, 'OH', 20, 5627908),
(2004, 'OK', 7, 1463758),
(2004, 'OR', 7, 1836782),
(2004, 'PA', 21, 5769590),
(2004, 'RI', 4, 437134),
(2004, 'SC', 8, 1617730),
(2004, 'SD', 3, 388215),
(2004, 'TN', 11, 2437319),
(2004, 'TX', 34, 7410765),
(2004, 'UT', 5, 927844),
(2004, 'VA', 13, 3198367),
(2004, 'VT', 3, 312309),
(2004, 'WA', 11, 2859084),
(2004, 'WI', 10, 2997007),
(2004, 'WV', 5, 755887),
(2004, 'WY', 3, 243428),
(2008, 'AK', 3, 326197),
(2008, 'AL', 9, 2099819),
(2008, 'AR', 6, 1086617),
(2008, 'AZ', 10, 2293475),
(2008, 'CA', 55, 13561900),
(2008, 'CO', 9, 2401462),
(2008, 'CT', 7, 1646797),
(2008, 'DC', 3, 265853),
(2008, 'DE', 3, 412412),
(2008, 'FL', 27, 8390744),
(2008, 'GA', 15, 3924486),
(2008, 'HI', 4, 453568),
(2008, 'IA', 7, 1537123),
(2008, 'ID', 4, 655122),
(2008, 'IL', 21, 5522371),
(2008, 'IN', 11, 2751054),
(2008, 'KS', 6, 1235872),
(2008, 'KY', 8, 1826620),
(2008, 'LA', 9, 1960761),
(2008, 'MA', 12, 3080985),
(2008, 'MD', 10, 2631596),
(2008, 'ME', 2, 731163),
(2008, 'MECD1', 1, 383626),
(2008, 'MECD2', 1, 347537),
(2008, 'MI', 17, 5001766),
(2008, 'MN', 10, 2910369),
(2008, 'MO', 11, 2925205),
(2008, 'MS', 6, 1289865),
(2008, 'MT', 3, 490302),
(2008, 'NC', 15, 4310789),
(2008, 'ND', 3, 316621),
(2008, 'NE', 5, 801281),
(2008, 'NECD1', 1, 273893),
(2008, 'NECD2', 1, 277809),
(2008, 'NECD3', 1, 246742),
(2008, 'NH', 4, 710970),
(2008, 'NJ', 15, 3868237),
(2008, 'NM', 5, 830158),
(2008, 'NV', 5, 967848),
(2008, 'NY', 31, 7640931),
(2008, 'OH', 20, 5708350),
(2008, 'OK', 7, 1462661),
(2008, 'OR', 7, 1827864),
(2008, 'PA', 21, 6013272),
(2008, 'RI', 4, 471766),
(2008, 'SC', 8, 1920969),
(2008, 'SD', 3, 381975),
(2008, 'TN', 11, 2599749),
(2008, 'TX', 34, 8077795),
(2008, 'UT', 5, 952370),
(2008, 'VA', 13, 3723260),
(2008, 'VT', 3, 325046),
(2008, 'WA', 11, 3036878),
(2008, 'WI', 10, 2983417),
(2008, 'WV', 5, 713451),
(2008, 'WY', 3, 254658),
(2012, 'AK', 3, 300495),
(2012, 'AL', 9, 2074338),
(2012, 'AR', 6, 1069468),
(2012, 'AZ', 11, 2299254),
(2012, 'CA', 55, 13038547),
(2012, 'CO', 9, 2569522),
(2012, 'CT', 7, 1558960),
(2012, 'DC', 3, 293764),
(2012, 'DE', 3, 413921),
(2012, 'FL', 29, 8474179),
(2012, 'GA', 16, 3900050),
(2012, 'HI', 4, 434697),
(2012, 'IA', 6, 1582180),
(2012, 'ID', 4, 652274),
(2012, 'IL', 20, 5242014),
(2012, 'IN', 11, 2624534),
(2012, 'KS', 6, 1159971),
(2012, 'KY', 8, 1797212),
(2012, 'LA', 8, 1994065),
(2012, 'MA', 11, 3167767),
(2012, 'MD', 10, 2707327),
(2012, 'ME', 2, 713180),
(2012, 'MECD1', 1, 374419),
(2012, 'MECD2', 1, 336226),
(2012, 'MI', 16, 4730961),
(2012, 'MN', 10, 2936561),
(2012, 'MO', 10, 2757323),
(2012, 'MS', 6, 1285584),
(2012, 'MT', 3, 484048),
(2012, 'NC', 15, 4505372),
(2012, 'ND', 3, 322627),
(2012, 'NE', 2, 794379),
(2012, 'NECD1', 1, 264712),
(2012, 'NECD2', 1, 266727),
(2012, 'NECD3', 1, 259223),
(2012, 'NH', 4, 710972),
(2012, 'NJ', 14, 3640292),
(2012, 'NM', 5, 783758),
(2012, 'NV', 6, 1014918),
(2012, 'NY', 29, 7081159),
(2012, 'OH', 18, 5580847),
(2012, 'OK', 7, 1334872),
(2012, 'OR', 7, 1789270),
(2012, 'PA', 20, 5753670),
(2012, 'RI', 4, 446049),
(2012, 'SC', 9, 1964118),
(2012, 'SD', 3, 363815),
(2012, 'TN', 11, 2458577),
(2012, 'TX', 38, 7993851),
(2012, 'UT', 6, 1017440),
(2012, 'VA', 13, 3854489),
(2012, 'VT', 3, 299290),
(2012, 'WA', 12, 3125516),
(2012, 'WI', 10, 3068434),
(2012, 'WV', 5, 670438),
(2012, 'WY', 3, 249061),
(2016, 'AK', 3, 318608),
(2016, 'AL', 9, 2123372),
(2016, 'AR', 6, 1130676),
(2016, 'AZ', 11, 2573165),
(2016, 'CA', 55, 14181604),
(2016, 'CO', 9, 2780247),
(2016, 'CT', 7, 1644920),
(2016, 'DC', 3, 311268),
(2016, 'DE', 3, 443814),
(2016, 'FL', 29, 9420039),
(2016, 'GA', 16, 4114732),
(2016, 'HI', 3, 428937),
(2016, 'IA', 6, 1566031),
(2016, 'ID', 4, 690255),
(2016, 'IL', 20, 5536424),
(2016, 'IN', 11, 2734958),
(2016, 'KS', 6, 1184402),
(2016, 'KY', 8, 1924149),
(2016, 'LA', 8, 2029032),
(2016, 'MA', 11, 3325046),
(2016, 'MD', 10, 2781446),
(2016, 'ME', 5, 747927),
(2016, 'MECD1', 1, 394329),
(2016, 'MECD2', 1, 353416),
(2016, 'MI', 16, 4799284),
(2016, 'MN', 10, 2944813),
(2016, 'MO', 10, 2808605),
(2016, 'MS', 6, 1209357),
(2016, 'MT', 3, 497147),
(2016, 'NC', 15, 4741564),
(2016, 'ND', 3, 344360),
(2016, 'NE', 2, 844227),
(2016, 'NECD1', 1, 282338),
(2016, 'NECD2', 1, 291680),
(2016, 'NECD3', 1, 270109),
(2016, 'NH', 4, 744296),
(2016, 'NJ', 14, 3874046),
(2016, 'NM', 5, 798319),
(2016, 'NV', 6, 1125385),
(2016, 'NY', 29, 7721442),
(2016, 'OH', 18, 5496487),
(2016, 'OK', 7, 1452992),
(2016, 'OR', 7, 2001336),
(2016, 'PA', 20, 6165478),
(2016, 'RI', 4, 464144),
(2016, 'SC', 9, 2103027),
(2016, 'SD', 3, 370093),
(2016, 'TN', 11, 2508027),
(2016, 'TX', 36, 8969226),
(2016, 'UT', 6, 1131430),
(2016, 'VA', 13, 3317019),
(2016, 'VT', 3, 315067),
(2016, 'WA', 8, 3317019),
(2016, 'WI', 10, 2976150),
(2016, 'WV', 5, 714423),
(2016, 'WY', 3, 255849);

-- --------------------------------------------------------

--
-- Table structure for table `results`
--

CREATE TABLE `results` (
  `candidate` varchar(30) NOT NULL,
  `popVotesReceived` int(11) NOT NULL,
  `electionYear` int(4) NOT NULL,
  `state` varchar(30) NOT NULL
) ENGINE=InnoDB DEFAULT CHARSET=latin1;

--
-- Dumping data for table `results`
--

INSERT INTO `results` (`candidate`, `popVotesReceived`, `electionYear`, `state`) VALUES
('Al Gore', 79004, 2000, 'AK'),
('Al Gore', 692611, 2000, 'AL'),
('Al Gore', 422768, 2000, 'AR'),
('Al Gore', 685341, 2000, 'AZ'),
('Al Gore', 5861203, 2000, 'CA'),
('Al Gore', 738227, 2000, 'CO'),
('Al Gore', 816015, 2000, 'CT'),
('Al Gore', 171923, 2000, 'DC'),
('Al Gore', 180068, 2000, 'DE'),
('Al Gore', 2912253, 2000, 'FL'),
('Al Gore', 1116230, 2000, 'GA'),
('Al Gore', 205286, 2000, 'HI'),
('Al Gore', 638517, 2000, 'IA'),
('Al Gore', 138637, 2000, 'ID'),
('Al Gore', 2589026, 2000, 'IL'),
('Al Gore', 901980, 2000, 'IN'),
('Al Gore', 399276, 2000, 'KS'),
('Al Gore', 638898, 2000, 'KY'),
('Al Gore', 792344, 2000, 'LA'),
('Al Gore', 1616487, 2000, 'MA'),
('Al Gore', 1145782, 2000, 'MD'),
('Al Gore', 319951, 2000, 'ME'),
('Al Gore', 176293, 2000, 'MECD1'),
('Al Gore', 143658, 2000, 'MECD2'),
('Al Gore', 2170418, 2000, 'MI'),
('Al Gore', 1168266, 2000, 'MN'),
('Al Gore', 1111138, 2000, 'MO'),
('Al Gore', 404614, 2000, 'MS'),
('Al Gore', 137126, 2000, 'MT'),
('Al Gore', 1257692, 2000, 'NC'),
('Al Gore', 95284, 2000, 'ND'),
('Al Gore', 231780, 2000, 'NE'),
('Al Gore', 86946, 2000, 'NECD1'),
('Al Gore', 88975, 2000, 'NECD2'),
('Al Gore', 55859, 2000, 'NECD3'),
('Al Gore', 266348, 2000, 'NH'),
('Al Gore', 1788850, 2000, 'NJ'),
('Al Gore', 286783, 2000, 'NM'),
('Al Gore', 279978, 2000, 'NV'),
('Al Gore', 4107697, 2000, 'NY'),
('Al Gore', 2186190, 2000, 'OH'),
('Al Gore', 474276, 2000, 'OK'),
('Al Gore', 720342, 2000, 'OR'),
('Al Gore', 2485967, 2000, 'PA'),
('Al Gore', 249508, 2000, 'RI'),
('Al Gore', 565561, 2000, 'SC'),
('Al Gore', 118804, 2000, 'SD'),
('Al Gore', 981720, 2000, 'TN'),
('Al Gore', 2433746, 2000, 'TX'),
('Al Gore', 203053, 2000, 'UT'),
('Al Gore', 1217290, 2000, 'VA'),
('Al Gore', 149022, 2000, 'VT'),
('Al Gore', 1247652, 2000, 'WA'),
('Al Gore', 1242987, 2000, 'WI'),
('Al Gore', 295497, 2000, 'WV'),
('Al Gore', 77934, 2000, 'WY'),
('Barack Obama', 123594, 2008, 'AK'),
('Barack Obama', 813479, 2008, 'AL'),
('Barack Obama', 422310, 2008, 'AR'),
('Barack Obama', 1034707, 2008, 'AZ'),
('Barack Obama', 8274473, 2008, 'CA'),
('Barack Obama', 1288633, 2008, 'CO'),
('Barack Obama', 997772, 2008, 'CT'),
('Barack Obama', 245800, 2008, 'DC'),
('Barack Obama', 255459, 2008, 'DE'),
('Barack Obama', 4282074, 2008, 'FL'),
('Barack Obama', 1844123, 2008, 'GA'),
('Barack Obama', 325871, 2008, 'HI'),
('Barack Obama', 828940, 2008, 'IA'),
('Barack Obama', 236440, 2008, 'ID'),
('Barack Obama', 3419348, 2008, 'IL'),
('Barack Obama', 1374039, 2008, 'IN'),
('Barack Obama', 514765, 2008, 'KS'),
('Barack Obama', 751985, 2008, 'KY'),
('Barack Obama', 782989, 2008, 'LA'),
('Barack Obama', 1904097, 2008, 'MA'),
('Barack Obama', 1629467, 2008, 'MD'),
('Barack Obama', 421923, 2008, 'ME'),
('Barack Obama', 232145, 2008, 'MECD1'),
('Barack Obama', 189778, 2008, 'MECD2'),
('Barack Obama', 2872579, 2008, 'MI'),
('Barack Obama', 1573354, 2008, 'MN'),
('Barack Obama', 1441911, 2008, 'MO'),
('Barack Obama', 554662, 2008, 'MS'),
('Barack Obama', 231667, 2008, 'MT'),
('Barack Obama', 2142651, 2008, 'NC'),
('Barack Obama', 141278, 2008, 'ND'),
('Barack Obama', 333319, 2008, 'NE'),
('Barack Obama', 121411, 2008, 'NECD1'),
('Barack Obama', 138809, 2008, 'NECD2'),
('Barack Obama', 73099, 2008, 'NECD3'),
('Barack Obama', 384826, 2008, 'NH'),
('Barack Obama', 2215422, 2008, 'NJ'),
('Barack Obama', 472422, 2008, 'NM'),
('Barack Obama', 533736, 2008, 'NV'),
('Barack Obama', 4804945, 2008, 'NY'),
('Barack Obama', 2940044, 2008, 'OH'),
('Barack Obama', 502496, 2008, 'OK'),
('Barack Obama', 1037291, 2008, 'OR'),
('Barack Obama', 3276363, 2008, 'PA'),
('Barack Obama', 296571, 2008, 'RI'),
('Barack Obama', 862449, 2008, 'SC'),
('Barack Obama', 170924, 2008, 'SD'),
('Barack Obama', 1087437, 2008, 'TN'),
('Barack Obama', 3528633, 2008, 'TX'),
('Barack Obama', 327670, 2008, 'UT'),
('Barack Obama', 1959532, 2008, 'VA'),
('Barack Obama', 219262, 2008, 'VT'),
('Barack Obama', 1750848, 2008, 'WA'),
('Barack Obama', 1677211, 2008, 'WI'),
('Barack Obama', 303857, 2008, 'WV'),
('Barack Obama', 82868, 2008, 'WY'),
('Barack Obama', 122640, 2012, 'AK'),
('Barack Obama', 795696, 2012, 'AL'),
('Barack Obama', 394409, 2012, 'AR'),
('Barack Obama', 1025232, 2012, 'AZ'),
('Barack Obama', 7854285, 2012, 'CA'),
('Barack Obama', 1323102, 2012, 'CO'),
('Barack Obama', 905083, 2012, 'CT'),
('Barack Obama', 267070, 2012, 'DC'),
('Barack Obama', 242584, 2012, 'DE'),
('Barack Obama', 4237756, 2012, 'FL'),
('Barack Obama', 1773827, 2012, 'GA'),
('Barack Obama', 306658, 2012, 'HI'),
('Barack Obama', 822544, 2012, 'IA'),
('Barack Obama', 212787, 2012, 'ID'),
('Barack Obama', 3019512, 2012, 'IL'),
('Barack Obama', 1152887, 2012, 'IN'),
('Barack Obama', 440726, 2012, 'KS'),
('Barack Obama', 679370, 2012, 'KY'),
('Barack Obama', 809141, 2012, 'LA'),
('Barack Obama', 1921290, 2012, 'MA'),
('Barack Obama', 1677844, 2012, 'MD'),
('Barack Obama', 401306, 2012, 'ME'),
('Barack Obama', 223035, 2012, 'MECD1'),
('Barack Obama', 177998, 2012, 'MECD2'),
('Barack Obama', 2564569, 2012, 'MI'),
('Barack Obama', 1546167, 2012, 'MN'),
('Barack Obama', 1223796, 2012, 'MO'),
('Barack Obama', 562949, 2012, 'MS'),
('Barack Obama', 201839, 2012, 'MT'),
('Barack Obama', 2178391, 2012, 'NC'),
('Barack Obama', 124827, 2012, 'ND'),
('Barack Obama', 302081, 2012, 'NE'),
('Barack Obama', 108082, 2012, 'NECD1'),
('Barack Obama', 121889, 2012, 'NECD2'),
('Barack Obama', 72110, 2012, 'NECD3'),
('Barack Obama', 369561, 2012, 'NH'),
('Barack Obama', 2125101, 2012, 'NJ'),
('Barack Obama', 415335, 2012, 'NM'),
('Barack Obama', 531373, 2012, 'NV'),
('Barack Obama', 4485741, 2012, 'NY'),
('Barack Obama', 2827709, 2012, 'OH'),
('Barack Obama', 443547, 2012, 'OK'),
('Barack Obama', 970488, 2012, 'OR'),
('Barack Obama', 2990274, 2012, 'PA'),
('Barack Obama', 279677, 2012, 'RI'),
('Barack Obama', 865941, 2012, 'SC'),
('Barack Obama', 145039, 2012, 'SD'),
('Barack Obama', 960709, 2012, 'TN'),
('Barack Obama', 3308124, 2012, 'TX'),
('Barack Obama', 251813, 2012, 'UT'),
('Barack Obama', 1971820, 2012, 'VA'),
('Barack Obama', 199239, 2012, 'VT'),
('Barack Obama', 1755396, 2012, 'WA'),
('Barack Obama', 1620985, 2012, 'WI'),
('Barack Obama', 238269, 2012, 'WV'),
('Barack Obama', 69286, 2012, 'WY'),
('Bill Clinton', 78294, 1992, 'AK'),
('Bill Clinton', 690080, 1992, 'AL'),
('Bill Clinton', 505823, 1992, 'AR'),
('Bill Clinton', 543050, 1992, 'AZ'),
('Bill Clinton', 5121325, 1992, 'CA'),
('Bill Clinton', 629681, 1992, 'CO'),
('Bill Clinton', 682318, 1992, 'CT'),
('Bill Clinton', 192619, 1992, 'DC'),
('Bill Clinton', 126055, 1992, 'DE'),
('Bill Clinton', 2072798, 1992, 'FL'),
('Bill Clinton', 1008966, 1992, 'GA'),
('Bill Clinton', 179310, 1992, 'HI'),
('Bill Clinton', 586353, 1992, 'IA'),
('Bill Clinton', 137013, 1992, 'ID'),
('Bill Clinton', 2453350, 1992, 'IL'),
('Bill Clinton', 848420, 1992, 'IN'),
('Bill Clinton', 390434, 1992, 'KS'),
('Bill Clinton', 665104, 1992, 'KY'),
('Bill Clinton', 815971, 1992, 'LA'),
('Bill Clinton', 1318639, 1992, 'MA'),
('Bill Clinton', 988571, 1992, 'MD'),
('Bill Clinton', 263420, 1992, 'ME'),
('Bill Clinton', 1871182, 1992, 'MI'),
('Bill Clinton', 1020997, 1992, 'MN'),
('Bill Clinton', 1053873, 1992, 'MO'),
('Bill Clinton', 400258, 1992, 'MS'),
('Bill Clinton', 154507, 1992, 'MT'),
('Bill Clinton', 1114042, 1992, 'NC'),
('Bill Clinton', 99168, 1992, 'ND'),
('Bill Clinton', 217344, 1992, 'NE'),
('Bill Clinton', 209040, 1992, 'NH'),
('Bill Clinton', 1436206, 1992, 'NJ'),
('Bill Clinton', 261617, 1992, 'NM'),
('Bill Clinton', 189148, 1992, 'NV'),
('Bill Clinton', 3444450, 1992, 'NY'),
('Bill Clinton', 1984942, 1992, 'OH'),
('Bill Clinton', 473066, 1992, 'OK'),
('Bill Clinton', 621314, 1992, 'OR'),
('Bill Clinton', 2239164, 1992, 'PA'),
('Bill Clinton', 213302, 1992, 'RI'),
('Bill Clinton', 479514, 1992, 'SC'),
('Bill Clinton', 124888, 1992, 'SD'),
('Bill Clinton', 933521, 1992, 'TN'),
('Bill Clinton', 2281815, 1992, 'TX'),
('Bill Clinton', 183429, 1992, 'UT'),
('Bill Clinton', 1038650, 1992, 'VA'),
('Bill Clinton', 133592, 1992, 'VT'),
('Bill Clinton', 993039, 1992, 'WA'),
('Bill Clinton', 1041066, 1992, 'WI'),
('Bill Clinton', 331001, 1992, 'WV'),
('Bill Clinton', 68160, 1992, 'WY'),
('Bill Clinton', 80380, 1996, 'AK'),
('Bill Clinton', 662165, 1996, 'AL'),
('Bill Clinton', 475171, 1996, 'AR'),
('Bill Clinton', 653288, 1996, 'AZ'),
('Bill Clinton', 5119835, 1996, 'CA'),
('Bill Clinton', 671152, 1996, 'CO'),
('Bill Clinton', 735740, 1996, 'CT'),
('Bill Clinton', 158220, 1996, 'DC'),
('Bill Clinton', 140355, 1996, 'DE'),
('Bill Clinton', 2546870, 1996, 'FL'),
('Bill Clinton', 1053849, 1996, 'GA'),
('Bill Clinton', 205012, 1996, 'HI'),
('Bill Clinton', 620258, 1996, 'IA'),
('Bill Clinton', 165443, 1996, 'ID'),
('Bill Clinton', 2341744, 1996, 'IL'),
('Bill Clinton', 887424, 1996, 'IN'),
('Bill Clinton', 387659, 1996, 'KS'),
('Bill Clinton', 636614, 1996, 'KY'),
('Bill Clinton', 927837, 1996, 'LA'),
('Bill Clinton', 1571763, 1996, 'MA'),
('Bill Clinton', 966207, 1996, 'MD'),
('Bill Clinton', 312788, 1996, 'ME'),
('Bill Clinton', 1989653, 1996, 'MI'),
('Bill Clinton', 1120438, 1996, 'MN'),
('Bill Clinton', 1025935, 1996, 'MO'),
('Bill Clinton', 394022, 1996, 'MS'),
('Bill Clinton', 167922, 1996, 'MT'),
('Bill Clinton', 1107849, 1996, 'NC'),
('Bill Clinton', 106905, 1996, 'ND'),
('Bill Clinton', 236761, 1996, 'NE'),
('Bill Clinton', 246214, 1996, 'NH'),
('Bill Clinton', 1652329, 1996, 'NJ'),
('Bill Clinton', 273495, 1996, 'NM'),
('Bill Clinton', 203974, 1996, 'NV'),
('Bill Clinton', 3756177, 1996, 'NY'),
('Bill Clinton', 2148222, 1996, 'OH'),
('Bill Clinton', 488105, 1996, 'OK'),
('Bill Clinton', 649641, 1996, 'OR'),
('Bill Clinton', 2215819, 1996, 'PA'),
('Bill Clinton', 233050, 1996, 'RI'),
('Bill Clinton', 506283, 1996, 'SC'),
('Bill Clinton', 139333, 1996, 'SD'),
('Bill Clinton', 909146, 1996, 'TN'),
('Bill Clinton', 2459683, 1996, 'TX'),
('Bill Clinton', 221633, 1996, 'UT'),
('Bill Clinton', 1091060, 1996, 'VA'),
('Bill Clinton', 137894, 1996, 'VT'),
('Bill Clinton', 1123323, 1996, 'WA'),
('Bill Clinton', 1071971, 1996, 'WI'),
('Bill Clinton', 327812, 1996, 'WV'),
('Bill Clinton', 77934, 1996, 'WY'),
('Bob Dole', 122746, 1996, 'AK'),
('Bob Dole', 769044, 1996, 'AL'),
('Bob Dole', 325416, 1996, 'AR'),
('Bob Dole', 622073, 1996, 'AZ'),
('Bob Dole', 3828380, 1996, 'CA'),
('Bob Dole', 691848, 1996, 'CO'),
('Bob Dole', 483109, 1996, 'CT'),
('Bob Dole', 17339, 1996, 'DC'),
('Bob Dole', 99062, 1996, 'DE'),
('Bob Dole', 2244536, 1996, 'FL'),
('Bob Dole', 1080843, 1996, 'GA'),
('Bob Dole', 113943, 1996, 'HI'),
('Bob Dole', 492644, 1996, 'IA'),
('Bob Dole', 256595, 1996, 'ID'),
('Bob Dole', 1587021, 1996, 'IL'),
('Bob Dole', 1006693, 1996, 'IN'),
('Bob Dole', 583245, 1996, 'KS'),
('Bob Dole', 623283, 1996, 'KY'),
('Bob Dole', 712586, 1996, 'LA'),
('Bob Dole', 718107, 1996, 'MA'),
('Bob Dole', 681530, 1996, 'MD'),
('Bob Dole', 186378, 1996, 'ME'),
('Bob Dole', 1481212, 1996, 'MI'),
('Bob Dole', 766476, 1996, 'MN'),
('Bob Dole', 890016, 1996, 'MO'),
('Bob Dole', 439838, 1996, 'MS'),
('Bob Dole', 179652, 1996, 'MT'),
('Bob Dole', 1225938, 1996, 'NC'),
('Bob Dole', 125050, 1996, 'ND'),
('Bob Dole', 363467, 1996, 'NE'),
('Bob Dole', 196532, 1996, 'NH'),
('Bob Dole', 1103078, 1996, 'NJ'),
('Bob Dole', 232751, 1996, 'NM'),
('Bob Dole', 199244, 1996, 'NV'),
('Bob Dole', 1933492, 1996, 'NY'),
('Bob Dole', 1859883, 1996, 'OH'),
('Bob Dole', 582315, 1996, 'OK'),
('Bob Dole', 538152, 1996, 'OR'),
('Bob Dole', 1801169, 1996, 'PA'),
('Bob Dole', 104683, 1996, 'RI'),
('Bob Dole', 573458, 1996, 'SC'),
('Bob Dole', 150543, 1996, 'SD'),
('Bob Dole', 863530, 1996, 'TN'),
('Bob Dole', 2736167, 1996, 'TX'),
('Bob Dole', 361911, 1996, 'UT'),
('Bob Dole', 1138350, 1996, 'VA'),
('Bob Dole', 80352, 1996, 'VT'),
('Bob Dole', 840712, 1996, 'WA'),
('Bob Dole', 845029, 1996, 'WI'),
('Bob Dole', 233946, 1996, 'WV'),
('Bob Dole', 105388, 1996, 'WY'),
('Donald Trump', 163387, 2016, 'AK'),
('Donald Trump', 1318255, 2016, 'AL'),
('Donald Trump', 684872, 2016, 'AR'),
('Donald Trump', 1252401, 2016, 'AZ'),
('Donald Trump', 4483814, 2016, 'CA'),
('Donald Trump', 1202484, 2016, 'CO'),
('Donald Trump', 673215, 2016, 'CT'),
('Donald Trump', 12723, 2016, 'DC'),
('Donald Trump', 185127, 2016, 'DE'),
('Donald Trump', 4617886, 2016, 'FL'),
('Donald Trump', 2089104, 2016, 'GA'),
('Donald Trump', 128847, 2016, 'HI'),
('Donald Trump', 800983, 2016, 'IA'),
('Donald Trump', 409055, 2016, 'ID'),
('Donald Trump', 2146015, 2016, 'IL'),
('Donald Trump', 1557286, 2016, 'IN'),
('Donald Trump', 671018, 2016, 'KS'),
('Donald Trump', 1202971, 2016, 'KY'),
('Donald Trump', 1178638, 2016, 'LA'),
('Donald Trump', 1090893, 2016, 'MA'),
('Donald Trump', 943169, 2016, 'MD'),
('Donald Trump', 335593, 2016, 'ME'),
('Donald Trump', 154384, 2016, 'MECD1'),
('Donald Trump', 181177, 2016, 'MECD2'),
('Donald Trump', 2279543, 2016, 'MI'),
('Donald Trump', 1322951, 2016, 'MN'),
('Donald Trump', 1594511, 2016, 'MO'),
('Donald Trump', 700714, 2016, 'MS'),
('Donald Trump', 279240, 2016, 'MT'),
('Donald Trump', 2362631, 2016, 'NC'),
('Donald Trump', 216794, 2016, 'ND'),
('Donald Trump', 495961, 2016, 'NE'),
('Donald Trump', 158626, 2016, 'NECD1'),
('Donald Trump', 137564, 2016, 'NECD2'),
('Donald Trump', 199657, 2016, 'NECD3'),
('Donald Trump', 345790, 2016, 'NH'),
('Donald Trump', 1601933, 2016, 'NJ'),
('Donald Trump', 319667, 2016, 'NM'),
('Donald Trump', 512058, 2016, 'NV'),
('Donald Trump', 2819533, 2016, 'NY'),
('Donald Trump', 2841005, 2016, 'OH'),
('Donald Trump', 949136, 2016, 'OK'),
('Donald Trump', 782403, 2016, 'OR'),
('Donald Trump', 2970733, 2016, 'PA'),
('Donald Trump', 180543, 2016, 'RI'),
('Donald Trump', 1155389, 2016, 'SC'),
('Donald Trump', 227721, 2016, 'SD'),
('Donald Trump', 1522925, 2016, 'TN'),
('Donald Trump', 4685047, 2016, 'TX'),
('Donald Trump', 515231, 2016, 'UT'),
('Donald Trump', 1221747, 2016, 'VA'),
('Donald Trump', 95369, 2016, 'VT'),
('Donald Trump', 1221747, 2016, 'WA'),
('Donald Trump', 1405284, 2016, 'WI'),
('Donald Trump', 489371, 2016, 'WV'),
('Donald Trump', 174419, 2016, 'WY'),
('George Bush', 102000, 1992, 'AK'),
('George Bush', 804283, 1992, 'AL'),
('George Bush', 337324, 1992, 'AR'),
('George Bush', 572086, 1992, 'AZ'),
('George Bush', 3630574, 1992, 'CA'),
('George Bush', 562850, 1992, 'CO'),
('George Bush', 578313, 1992, 'CT'),
('George Bush', 20698, 1992, 'DC'),
('George Bush', 102313, 1992, 'DE'),
('George Bush', 2173310, 1992, 'FL'),
('George Bush', 995252, 1992, 'GA'),
('George Bush', 136822, 1992, 'HI'),
('George Bush', 504891, 1992, 'IA'),
('George Bush', 202645, 1992, 'ID'),
('George Bush', 1734096, 1992, 'IL'),
('George Bush', 989375, 1992, 'IN'),
('George Bush', 449951, 1992, 'KS'),
('George Bush', 617178, 1992, 'KY'),
('George Bush', 733386, 1992, 'LA'),
('George Bush', 805039, 1992, 'MA'),
('George Bush', 707094, 1992, 'MD'),
('George Bush', 206504, 1992, 'ME'),
('George Bush', 1554940, 1992, 'MI'),
('George Bush', 747841, 1992, 'MN'),
('George Bush', 811159, 1992, 'MO'),
('George Bush', 487793, 1992, 'MS'),
('George Bush', 144207, 1992, 'MT'),
('George Bush', 1134661, 1992, 'NC'),
('George Bush', 136244, 1992, 'ND'),
('George Bush', 344346, 1992, 'NE'),
('George Bush', 202484, 1992, 'NH'),
('George Bush', 1356865, 1992, 'NJ'),
('George Bush', 212824, 1992, 'NM'),
('George Bush', 175828, 1992, 'NV'),
('George Bush', 2346649, 1992, 'NY'),
('George Bush', 1894310, 1992, 'OH'),
('George Bush', 592929, 1992, 'OK'),
('George Bush', 475757, 1992, 'OR'),
('George Bush', 1791841, 1992, 'PA'),
('George Bush', 131605, 1992, 'RI'),
('George Bush', 577507, 1992, 'SC'),
('George Bush', 136718, 1992, 'SD'),
('George Bush', 841300, 1992, 'TN'),
('George Bush', 2496071, 1992, 'TX'),
('George Bush', 322632, 1992, 'UT'),
('George Bush', 1150517, 1992, 'VA'),
('George Bush', 88122, 1992, 'VT'),
('George Bush', 731235, 1992, 'WA'),
('George Bush', 930855, 1992, 'WI'),
('George Bush', 241974, 1992, 'WV'),
('George Bush', 79347, 1992, 'WY'),
('George W. Bush', 167398, 2000, 'AK'),
('George W. Bush', 941173, 2000, 'AL'),
('George W. Bush', 472940, 2000, 'AR'),
('George W. Bush', 781652, 2000, 'AZ'),
('George W. Bush', 4567429, 2000, 'CA'),
('George W. Bush', 883748, 2000, 'CO'),
('George W. Bush', 561094, 2000, 'CT'),
('George W. Bush', 18073, 2000, 'DC'),
('George W. Bush', 137288, 2000, 'DE'),
('George W. Bush', 2912790, 2000, 'FL'),
('George W. Bush', 1419720, 2000, 'GA'),
('George W. Bush', 137845, 2000, 'HI'),
('George W. Bush', 634373, 2000, 'IA'),
('George W. Bush', 336937, 2000, 'ID'),
('George W. Bush', 2019421, 2000, 'IL'),
('George W. Bush', 1245836, 2000, 'IN'),
('George W. Bush', 622332, 2000, 'KS'),
('George W. Bush', 872492, 2000, 'KY'),
('George W. Bush', 927871, 2000, 'LA'),
('George W. Bush', 878502, 2000, 'MA'),
('George W. Bush', 813797, 2000, 'MD'),
('George W. Bush', 286616, 2000, 'ME'),
('George W. Bush', 148618, 2000, 'MECD1'),
('George W. Bush', 137998, 2000, 'MECD2'),
('George W. Bush', 1953139, 2000, 'MI'),
('George W. Bush', 1109659, 2000, 'MN'),
('George W. Bush', 1189924, 2000, 'MO'),
('George W. Bush', 572844, 2000, 'MS'),
('George W. Bush', 240178, 2000, 'MT'),
('George W. Bush', 1631163, 2000, 'NC'),
('George W. Bush', 174852, 2000, 'ND'),
('George W. Bush', 433862, 2000, 'NE'),
('George W. Bush', 142562, 2000, 'NECD1'),
('George W. Bush', 131485, 2000, 'NECD2'),
('George W. Bush', 159815, 2000, 'NECD3'),
('George W. Bush', 273559, 2000, 'NH'),
('George W. Bush', 1284173, 2000, 'NJ'),
('George W. Bush', 286417, 2000, 'NM'),
('George W. Bush', 301575, 2000, 'NV'),
('George W. Bush', 2403374, 2000, 'NY'),
('George W. Bush', 2351209, 2000, 'OH'),
('George W. Bush', 744337, 2000, 'OK'),
('George W. Bush', 713577, 2000, 'OR'),
('George W. Bush', 2281127, 2000, 'PA'),
('George W. Bush', 130555, 2000, 'RI'),
('George W. Bush', 785937, 2000, 'SC'),
('George W. Bush', 190700, 2000, 'SD'),
('George W. Bush', 1061949, 2000, 'TN'),
('George W. Bush', 3799639, 2000, 'TX'),
('George W. Bush', 515096, 2000, 'UT'),
('George W. Bush', 1437490, 2000, 'VA'),
('George W. Bush', 119775, 2000, 'VT'),
('George W. Bush', 1108864, 2000, 'WA'),
('George W. Bush', 1237279, 2000, 'WI'),
('George W. Bush', 336475, 2000, 'WV'),
('George W. Bush', 105388, 2000, 'WY'),
('George W. Bush', 190889, 2004, 'AK'),
('George W. Bush', 1176394, 2004, 'AL'),
('George W. Bush', 572898, 2004, 'AR'),
('George W. Bush', 1104294, 2004, 'AZ'),
('George W. Bush', 5509826, 2004, 'CA'),
('George W. Bush', 1101255, 2004, 'CO'),
('George W. Bush', 693826, 2004, 'CT'),
('George W. Bush', 21256, 2004, 'DC'),
('George W. Bush', 171660, 2004, 'DE'),
('George W. Bush', 3964522, 2004, 'FL'),
('George W. Bush', 1914254, 2004, 'GA'),
('George W. Bush', 194191, 2004, 'HI'),
('George W. Bush', 751957, 2004, 'IA'),
('George W. Bush', 409235, 2004, 'ID'),
('George W. Bush', 2345946, 2004, 'IL'),
('George W. Bush', 1479438, 2004, 'IN'),
('George W. Bush', 736456, 2004, 'KS'),
('George W. Bush', 1069439, 2004, 'KY'),
('George W. Bush', 1102169, 2004, 'LA'),
('George W. Bush', 1071109, 2004, 'MA'),
('George W. Bush', 1024703, 2004, 'MD'),
('George W. Bush', 330201, 2004, 'ME'),
('George W. Bush', 165824, 2004, 'MECD1'),
('George W. Bush', 164377, 2004, 'MECD2'),
('George W. Bush', 2313746, 2004, 'MI'),
('George W. Bush', 1346695, 2004, 'MN'),
('George W. Bush', 1455713, 2004, 'MO'),
('George W. Bush', 684981, 2004, 'MS'),
('George W. Bush', 266063, 2004, 'MT'),
('George W. Bush', 1961166, 2004, 'NC'),
('George W. Bush', 196651, 2004, 'ND'),
('George W. Bush', 512814, 2004, 'NE'),
('George W. Bush', 169888, 2004, 'NECD1'),
('George W. Bush', 153041, 2004, 'NECD2'),
('George W. Bush', 189885, 2004, 'NECD3'),
('George W. Bush', 331237, 2004, 'NH'),
('George W. Bush', 1670003, 2004, 'NJ'),
('George W. Bush', 376930, 2004, 'NM'),
('George W. Bush', 418690, 2004, 'NV'),
('George W. Bush', 2962567, 2004, 'NY'),
('George W. Bush', 2859768, 2004, 'OH'),
('George W. Bush', 959792, 2004, 'OK'),
('George W. Bush', 866831, 2004, 'OR'),
('George W. Bush', 2793847, 2004, 'PA'),
('George W. Bush', 169046, 2004, 'RI'),
('George W. Bush', 937974, 2004, 'SC'),
('George W. Bush', 232584, 2004, 'SD'),
('George W. Bush', 1384375, 2004, 'TN'),
('George W. Bush', 4526917, 2004, 'TX'),
('George W. Bush', 663742, 2004, 'UT'),
('George W. Bush', 1716959, 2004, 'VA'),
('George W. Bush', 121180, 2004, 'VT'),
('George W. Bush', 1304894, 2004, 'WA'),
('George W. Bush', 1478120, 2004, 'WI'),
('George W. Bush', 423778, 2004, 'WV'),
('George W. Bush', 167629, 2004, 'WY'),
('Hillary Clinton', 116454, 2016, 'AK'),
('Hillary Clinton', 729547, 2016, 'AL'),
('Hillary Clinton', 380494, 2016, 'AR'),
('Hillary Clinton', 1161167, 2016, 'AZ'),
('Hillary Clinton', 8753792, 2016, 'CA'),
('Hillary Clinton', 1338870, 2016, 'CO'),
('Hillary Clinton', 897572, 2016, 'CT'),
('Hillary Clinton', 282830, 2016, 'DC'),
('Hillary Clinton', 235603, 2016, 'DE'),
('Hillary Clinton', 4504975, 2016, 'FL'),
('Hillary Clinton', 1877963, 2016, 'GA'),
('Hillary Clinton', 266891, 2016, 'HI'),
('Hillary Clinton', 653669, 2016, 'IA'),
('Hillary Clinton', 189765, 2016, 'ID'),
('Hillary Clinton', 3090729, 2016, 'IL'),
('Hillary Clinton', 1033126, 2016, 'IN'),
('Hillary Clinton', 427005, 2016, 'KS'),
('Hillary Clinton', 628854, 2016, 'KY'),
('Hillary Clinton', 780154, 2016, 'LA'),
('Hillary Clinton', 1995196, 2016, 'MA'),
('Hillary Clinton', 1677928, 2016, 'MD'),
('Hillary Clinton', 357735, 2016, 'ME'),
('Hillary Clinton', 212774, 2016, 'MECD1'),
('Hillary Clinton', 144817, 2016, 'MECD2'),
('Hillary Clinton', 2268839, 2016, 'MI'),
('Hillary Clinton', 1367716, 2016, 'MN'),
('Hillary Clinton', 1071068, 2016, 'MO'),
('Hillary Clinton', 485131, 2016, 'MS'),
('Hillary Clinton', 177709, 2016, 'MT'),
('Hillary Clinton', 2189316, 2016, 'NC'),
('Hillary Clinton', 93758, 2016, 'ND'),
('Hillary Clinton', 284494, 2016, 'NE'),
('Hillary Clinton', 100126, 2016, 'NECD1'),
('Hillary Clinton', 131030, 2016, 'NECD2'),
('Hillary Clinton', 53290, 2016, 'NECD3'),
('Hillary Clinton', 348526, 2016, 'NH'),
('Hillary Clinton', 2148278, 2016, 'NJ'),
('Hillary Clinton', 385234, 2016, 'NM'),
('Hillary Clinton', 539260, 2016, 'NV'),
('Hillary Clinton', 4556118, 2016, 'NY'),
('Hillary Clinton', 2394164, 2016, 'OH'),
('Hillary Clinton', 420375, 2016, 'OK'),
('Hillary Clinton', 1002106, 2016, 'OR'),
('Hillary Clinton', 2926441, 2016, 'PA'),
('Hillary Clinton', 252525, 2016, 'RI'),
('Hillary Clinton', 855373, 2016, 'SC'),
('Hillary Clinton', 117458, 2016, 'SD'),
('Hillary Clinton', 870695, 2016, 'TN'),
('Hillary Clinton', 3877868, 2016, 'TX'),
('Hillary Clinton', 310676, 2016, 'UT'),
('Hillary Clinton', 1742718, 2016, 'VA'),
('Hillary Clinton', 178573, 2016, 'VT'),
('Hillary Clinton', 1742718, 2016, 'WA'),
('Hillary Clinton', 1382536, 2016, 'WI'),
('Hillary Clinton', 188794, 2016, 'WV'),
('Hillary Clinton', 55973, 2016, 'WY'),
('John Kerry', 111025, 2004, 'AK'),
('John Kerry', 693933, 2004, 'AL'),
('John Kerry', 469953, 2004, 'AR'),
('John Kerry', 893524, 2004, 'AZ'),
('John Kerry', 6745485, 2004, 'CA'),
('John Kerry', 1001732, 2004, 'CO'),
('John Kerry', 857488, 2004, 'CT'),
('John Kerry', 202970, 2004, 'DC'),
('John Kerry', 200152, 2004, 'DE'),
('John Kerry', 3583544, 2004, 'FL'),
('John Kerry', 1366149, 2004, 'GA'),
('John Kerry', 231708, 2004, 'HI'),
('John Kerry', 741898, 2004, 'IA'),
('John Kerry', 181098, 2004, 'ID'),
('John Kerry', 2891550, 2004, 'IL'),
('John Kerry', 969011, 2004, 'IN'),
('John Kerry', 434993, 2004, 'KS'),
('John Kerry', 712733, 2004, 'KY'),
('John Kerry', 820299, 2004, 'LA'),
('John Kerry', 1803800, 2004, 'MA'),
('John Kerry', 1334493, 2004, 'MD'),
('John Kerry', 396842, 2004, 'ME'),
('John Kerry', 211703, 2004, 'MECD1'),
('John Kerry', 185139, 2004, 'MECD2'),
('John Kerry', 2479183, 2004, 'MI'),
('John Kerry', 1445014, 2004, 'MN'),
('John Kerry', 1259171, 2004, 'MO'),
('John Kerry', 458094, 2004, 'MS'),
('John Kerry', 173710, 2004, 'MT'),
('John Kerry', 1525849, 2004, 'NC'),
('John Kerry', 111052, 2004, 'ND'),
('John Kerry', 254328, 2004, 'NE'),
('John Kerry', 96314, 2004, 'NECD1'),
('John Kerry', 97858, 2004, 'NECD2'),
('John Kerry', 60156, 2004, 'NECD3'),
('John Kerry', 340511, 2004, 'NH'),
('John Kerry', 1911430, 2004, 'NJ'),
('John Kerry', 370942, 2004, 'NM'),
('John Kerry', 397190, 2004, 'NV'),
('John Kerry', 4314280, 2004, 'NY'),
('John Kerry', 2741167, 2004, 'OH'),
('John Kerry', 503966, 2004, 'OK'),
('John Kerry', 943163, 2004, 'OR'),
('John Kerry', 2938095, 2004, 'PA'),
('John Kerry', 259765, 2004, 'RI'),
('John Kerry', 661699, 2004, 'SC'),
('John Kerry', 149244, 2004, 'SD'),
('John Kerry', 1036477, 2004, 'TN'),
('John Kerry', 2832704, 2004, 'TX'),
('John Kerry', 241199, 2004, 'UT'),
('John Kerry', 1454742, 2004, 'VA'),
('John Kerry', 184067, 2004, 'VT'),
('John Kerry', 1510201, 2004, 'WA'),
('John Kerry', 1489504, 2004, 'WI'),
('John Kerry', 326541, 2004, 'WV'),
('John Kerry', 70776, 2004, 'WY'),
('John McCain', 193841, 2008, 'AK'),
('John McCain', 1266546, 2008, 'AL'),
('John McCain', 638017, 2008, 'AR'),
('John McCain', 1230111, 2008, 'AZ'),
('John McCain', 5011781, 2008, 'CA'),
('John McCain', 1073629, 2008, 'CO'),
('John McCain', 629428, 2008, 'CT'),
('John McCain', 17367, 2008, 'DC'),
('John McCain', 152374, 2008, 'DE'),
('John McCain', 4045624, 2008, 'FL'),
('John McCain', 2048759, 2008, 'GA'),
('John McCain', 120566, 2008, 'HI'),
('John McCain', 682379, 2008, 'IA'),
('John McCain', 403012, 2008, 'ID'),
('John McCain', 2031179, 2008, 'IL'),
('John McCain', 1345648, 2008, 'IN'),
('John McCain', 699655, 2008, 'KS'),
('John McCain', 1048462, 2008, 'KY'),
('John McCain', 1148275, 2008, 'LA'),
('John McCain', 1108854, 2008, 'MA'),
('John McCain', 959862, 2008, 'MD'),
('John McCain', 295273, 2008, 'ME'),
('John McCain', 144604, 2008, 'MECD1'),
('John McCain', 150669, 2008, 'MECD2'),
('John McCain', 2048639, 2008, 'MI'),
('John McCain', 1275409, 2008, 'MN'),
('John McCain', 1445814, 2008, 'MO'),
('John McCain', 724597, 2008, 'MS'),
('John McCain', 242763, 2008, 'MT'),
('John McCain', 2128474, 2008, 'NC'),
('John McCain', 168601, 2008, 'ND'),
('John McCain', 452979, 2008, 'NE'),
('John McCain', 148179, 2008, 'NECD1'),
('John McCain', 135439, 2008, 'NECD2'),
('John McCain', 169361, 2008, 'NECD3'),
('John McCain', 316534, 2008, 'NH'),
('John McCain', 1613207, 2008, 'NJ'),
('John McCain', 346832, 2008, 'NM'),
('John McCain', 412827, 2008, 'NV'),
('John McCain', 2752771, 2008, 'NY'),
('John McCain', 2677820, 2008, 'OH'),
('John McCain', 960165, 2008, 'OK'),
('John McCain', 738475, 2008, 'OR'),
('John McCain', 2655885, 2008, 'PA'),
('John McCain', 165391, 2008, 'RI'),
('John McCain', 1034896, 2008, 'SC'),
('John McCain', 203054, 2008, 'SD'),
('John McCain', 1479178, 2008, 'TN'),
('John McCain', 4479328, 2008, 'TX'),
('John McCain', 596030, 2008, 'UT'),
('John McCain', 1725005, 2008, 'VA'),
('John McCain', 98974, 2008, 'VT'),
('John McCain', 1229216, 2008, 'WA'),
('John McCain', 1262393, 2008, 'WI'),
('John McCain', 397466, 2008, 'WV'),
('John McCain', 164958, 2008, 'WY'),
('Mitt Romney', 164676, 2012, 'AK'),
('Mitt Romney', 1255925, 2012, 'AL'),
('Mitt Romney', 647744, 2012, 'AR'),
('Mitt Romney', 1233654, 2012, 'AZ'),
('Mitt Romney', 4839958, 2012, 'CA'),
('Mitt Romney', 1185243, 2012, 'CO'),
('Mitt Romney', 634892, 2012, 'CT'),
('Mitt Romney', 21381, 2012, 'DC'),
('Mitt Romney', 165484, 2012, 'DE'),
('Mitt Romney', 4163447, 2012, 'FL'),
('Mitt Romney', 2078688, 2012, 'GA'),
('Mitt Romney', 121015, 2012, 'HI'),
('Mitt Romney', 730617, 2012, 'IA'),
('Mitt Romney', 420911, 2012, 'ID'),
('Mitt Romney', 2135216, 2012, 'IL'),
('Mitt Romney', 1420543, 2012, 'IN'),
('Mitt Romney', 692634, 2012, 'KS'),
('Mitt Romney', 1087190, 2012, 'KY'),
('Mitt Romney', 1152262, 2012, 'LA'),
('Mitt Romney', 1188314, 2012, 'MA'),
('Mitt Romney', 971869, 2012, 'MD'),
('Mitt Romney', 292276, 2012, 'ME'),
('Mitt Romney', 142937, 2012, 'MECD1'),
('Mitt Romney', 149215, 2012, 'MECD2'),
('Mitt Romney', 2115256, 2012, 'MI'),
('Mitt Romney', 1320225, 2012, 'MN'),
('Mitt Romney', 1482440, 2012, 'MO'),
('Mitt Romney', 710746, 2012, 'MS'),
('Mitt Romney', 267928, 2012, 'MT'),
('Mitt Romney', 2270395, 2012, 'NC'),
('Mitt Romney', 188163, 2012, 'ND'),
('Mitt Romney', 475064, 2012, 'NE'),
('Mitt Romney', 152021, 2012, 'NECD1'),
('Mitt Romney', 140976, 2012, 'NECD2'),
('Mitt Romney', 182067, 2012, 'NECD3'),
('Mitt Romney', 329918, 2012, 'NH'),
('Mitt Romney', 1477568, 2012, 'NJ'),
('Mitt Romney', 335788, 2012, 'NM'),
('Mitt Romney', 463567, 2012, 'NV'),
('Mitt Romney', 2490431, 2012, 'NY'),
('Mitt Romney', 2661437, 2012, 'OH'),
('Mitt Romney', 891325, 2012, 'OK'),
('Mitt Romney', 754175, 2012, 'OR'),
('Mitt Romney', 2680434, 2012, 'PA'),
('Mitt Romney', 157204, 2012, 'RI'),
('Mitt Romney', 1071645, 2012, 'SC'),
('Mitt Romney', 210610, 2012, 'SD'),
('Mitt Romney', 1462330, 2012, 'TN'),
('Mitt Romney', 4569843, 2012, 'TX'),
('Mitt Romney', 740600, 2012, 'UT'),
('Mitt Romney', 1822522, 2012, 'VA'),
('Mitt Romney', 92698, 2012, 'VT'),
('Mitt Romney', 1290670, 2012, 'WA'),
('Mitt Romney', 1407966, 2012, 'WI'),
('Mitt Romney', 417655, 2012, 'WV'),
('Mitt Romney', 170962, 2012, 'WY'),
('Ross Perot', 73481, 1992, 'AK'),
('Ross Perot', 183109, 1992, 'AL'),
('Ross Perot', 99132, 1992, 'AR'),
('Ross Perot', 353741, 1992, 'AZ'),
('Ross Perot', 2296006, 1992, 'CA'),
('Ross Perot', 366010, 1992, 'CO'),
('Ross Perot', 348771, 1992, 'CT'),
('Ross Perot', 9681, 1992, 'DC'),
('Ross Perot', 59213, 1992, 'DE'),
('Ross Perot', 1053067, 1992, 'FL'),
('Ross Perot', 309657, 1992, 'GA'),
('Ross Perot', 53003, 1992, 'HI'),
('Ross Perot', 253468, 1992, 'IA'),
('Ross Perot', 130395, 1992, 'ID'),
('Ross Perot', 840515, 1992, 'IL'),
('Ross Perot', 455934, 1992, 'IN'),
('Ross Perot', 312358, 1992, 'KS'),
('Ross Perot', 203944, 1992, 'KY'),
('Ross Perot', 211478, 1992, 'LA'),
('Ross Perot', 630731, 1992, 'MA'),
('Ross Perot', 281414, 1992, 'MD'),
('Ross Perot', 206820, 1992, 'ME'),
('Ross Perot', 824813, 1992, 'MI'),
('Ross Perot', 562506, 1992, 'MN'),
('Ross Perot', 518741, 1992, 'MO'),
('Ross Perot', 85626, 1992, 'MS'),
('Ross Perot', 107225, 1992, 'MT'),
('Ross Perot', 357864, 1992, 'NC'),
('Ross Perot', 71084, 1992, 'ND'),
('Ross Perot', 174687, 1992, 'NE'),
('Ross Perot', 121337, 1992, 'NH'),
('Ross Perot', 521829, 1992, 'NJ'),
('Ross Perot', 91895, 1992, 'NM'),
('Ross Perot', 132580, 1992, 'NV'),
('Ross Perot', 1090721, 1992, 'NY'),
('Ross Perot', 1036426, 1992, 'OH'),
('Ross Perot', 319878, 1992, 'OK'),
('Ross Perot', 354091, 1992, 'OR'),
('Ross Perot', 902667, 1992, 'PA'),
('Ross Perot', 105051, 1992, 'RI'),
('Ross Perot', 138872, 1992, 'SC'),
('Ross Perot', 73295, 1992, 'SD'),
('Ross Perot', 199968, 1992, 'TN'),
('Ross Perot', 1354781, 1992, 'TX'),
('Ross Perot', 203400, 1992, 'UT'),
('Ross Perot', 348639, 1992, 'VA'),
('Ross Perot', 65991, 1992, 'VT'),
('Ross Perot', 541801, 1992, 'WA'),
('Ross Perot', 544479, 1992, 'WI'),
('Ross Perot', 108829, 1992, 'WV'),
('Ross Perot', 51263, 1992, 'WY'),
('Ross Perot', 26333, 1996, 'AK'),
('Ross Perot', 92149, 1996, 'AL'),
('Ross Perot', 69884, 1996, 'AR'),
('Ross Perot', 112072, 1996, 'AZ'),
('Ross Perot', 697847, 1996, 'CA'),
('Ross Perot', 99629, 1996, 'CO'),
('Ross Perot', 139523, 1996, 'CT'),
('Ross Perot', 3611, 1996, 'DC'),
('Ross Perot', 28719, 1996, 'DE'),
('Ross Perot', 483870, 1996, 'FL'),
('Ross Perot', 146337, 1996, 'GA'),
('Ross Perot', 27358, 1996, 'HI'),
('Ross Perot', 105159, 1996, 'IA'),
('Ross Perot', 62518, 1996, 'ID'),
('Ross Perot', 346408, 1996, 'IL'),
('Ross Perot', 224299, 1996, 'IN'),
('Ross Perot', 92639, 1996, 'KS'),
('Ross Perot', 120396, 1996, 'KY'),
('Ross Perot', 123293, 1996, 'LA'),
('Ross Perot', 227217, 1996, 'MA'),
('Ross Perot', 115812, 1996, 'MD'),
('Ross Perot', 85970, 1996, 'ME'),
('Ross Perot', 336670, 1996, 'MI'),
('Ross Perot', 257704, 1996, 'MN'),
('Ross Perot', 217188, 1996, 'MO'),
('Ross Perot', 52222, 1996, 'MS'),
('Ross Perot', 55229, 1996, 'MT'),
('Ross Perot', 168059, 1996, 'NC'),
('Ross Perot', 32515, 1996, 'ND'),
('Ross Perot', 71278, 1996, 'NE'),
('Ross Perot', 48390, 1996, 'NH'),
('Ross Perot', 262134, 1996, 'NJ'),
('Ross Perot', 32257, 1996, 'NM'),
('Ross Perot', 43986, 1996, 'NV'),
('Ross Perot', 503458, 1996, 'NY'),
('Ross Perot', 483207, 1996, 'OH'),
('Ross Perot', 130788, 1996, 'OK'),
('Ross Perot', 121221, 1996, 'OR'),
('Ross Perot', 430984, 1996, 'PA'),
('Ross Perot', 43723, 1996, 'RI'),
('Ross Perot', 64386, 1996, 'SC'),
('Ross Perot', 31250, 1996, 'SD'),
('Ross Perot', 105918, 1996, 'TN'),
('Ross Perot', 378537, 1996, 'TX'),
('Ross Perot', 66461, 1996, 'UT'),
('Ross Perot', 159861, 1996, 'VA'),
('Ross Perot', 31024, 1996, 'VT'),
('Ross Perot', 201003, 1996, 'WA'),
('Ross Perot', 227339, 1996, 'WI'),
('Ross Perot', 71639, 1996, 'WV'),
('Ross Perot', 25928, 1996, 'WY');

--
-- Indexes for dumped tables
--

--
-- Indexes for table `candidates`
--
ALTER TABLE `candidates`
  ADD PRIMARY KEY (`candidateName`);

--
-- Indexes for table `presidentialelections`
--
ALTER TABLE `presidentialelections`
  ADD PRIMARY KEY (`electionYear`,`state`);

--
-- Indexes for table `results`
--
ALTER TABLE `results`
  ADD PRIMARY KEY (`candidate`,`electionYear`,`state`),
  ADD KEY `electionYear` (`electionYear`,`state`);

--
-- Constraints for dumped tables
--

--
-- Constraints for table `results`
--
ALTER TABLE `results`
  ADD CONSTRAINT `results_ibfk_1` FOREIGN KEY (`candidate`) REFERENCES `candidates` (`candidateName`) ON UPDATE CASCADE,
  ADD CONSTRAINT `results_ibfk_2` FOREIGN KEY (`electionYear`,`state`) REFERENCES `presidentialelections` (`electionYear`, `state`) ON UPDATE CASCADE;
COMMIT;

/*!40101 SET CHARACTER_SET_CLIENT=@OLD_CHARACTER_SET_CLIENT */;
/*!40101 SET CHARACTER_SET_RESULTS=@OLD_CHARACTER_SET_RESULTS */;
/*!40101 SET COLLATION_CONNECTION=@OLD_COLLATION_CONNECTION */;
